policy_vs_random,n_pairs,delta_cycle_time_days,delta_cycle_time_days_ci95,delta_completed_cases,delta_completed_cases_ci95,delta_activity_switch_rate,delta_activity_switch_rate_ci95,delta_time_to_decision_days,delta_time_to_decision_days_ci95
piled,4,0.09129835525413149,0.028973312007434308,-20.5,26.95702973013716,-0.09813892124320203,0.010454785026156765,0.08763126150252817,0.011255187055869595
kbatch5,4,5.242681975849283,2.0116015184532063,-489.25,224.74912208436723,-0.05590964698145176,0.012129379995697144,4.761610256320886,2.3493900736659543
