,Cycle time,Completed cases,Time to decision
remove_low,0.0017571217962863983,0.024568012447789833,-0.36467937088081603
remove_high,7.845891265235783,-0.2866268118909221,7.963497047524304
