,Cycle time,Completed cases,Time to decision
remove_low,0.0,0.0,0.0
remove_high,3.9502684104191,-0.14752698190853009,0.28535125659905347
