staffing_scenario_vs_baseline,n_pairs,delta_cycle_time_days,delta_cycle_time_days_ci95,delta_completed_cases,delta_completed_cases_ci95,delta_occupation,delta_occupation_ci95,delta_fairness,delta_fairness_ci95,delta_w_occupation,delta_w_occupation_ci95,delta_w_fairness,delta_w_fairness_ci95,delta_time_to_decision_days,delta_time_to_decision_days_ci95,delta_decision_reach_share,delta_decision_reach_share_ci95
remove_low,4,2.6329692607962585e-05,8.379283295946627e-05,0.75,2.3868347289627807,-8.719765245066013e-05,0.00387890616756914,-9.61033717616494e-05,0.0003334807279776889,0.0003561329638389066,0.0008391434859350719,-5.445134690604085e-05,0.00023442227603023713,-0.0025064904104264984,0.007976771145890854,5.7195149851307914e-05,0.00018202049332444287
remove_high,4,0.11756720887826605,0.045164549425630265,-8.75,8.3570781437935,0.012102806680726955,0.004120696504980144,0.01575961093342293,0.002817471797971167,0.0038673654822828796,0.0014119805401858075,0.00507408965172272,0.002498568358074391,0.054734187280376295,0.028036436912537443,-0.0007317686479225705,0.001353574226640069
