{
  "horizon_days": 10,
  "role": "directional check",
  "configuration": {
    "horizon_days": 10,
    "seeds": [
      1,
      2,
      3,
      4
    ],
    "scenario": "normal",
    "crn": true,
    "process_model": "advanced",
    "branching_mode": "visit",
    "permissions": "orgmodel",
    "lifecycle_mode": "active",
    "processing_time_mode": "distribution",
    "atomic_duration_scale": 1.0,
    "capacity": 1,
    "roster_seed": 42,
    "arrival_model": "mdn"
  },
  "policy_means": [
    {
      "policy": "random",
      "n_replications": 4,
      "cycle_time_days": 0.6242676571954026,
      "cycle_time_days_ci95": 0.2744991527689711,
      "p95_cycle_days": 2.2979996460973666,
      "p95_cycle_days_ci95": 0.7274842106812371,
      "occupation": 0.3553746125621484,
      "occupation_ci95": 0.04898518385554854,
      "fairness": 0.2534679967724635,
      "fairness_ci95": 0.034872498383335115,
      "w_occupation": 0.034685787262255074,
      "w_occupation_ci95": 0.010826271401774489,
      "w_fairness": 0.03194690756578102,
      "w_fairness_ci95": 0.009659102908596603,
      "completed_cases": 359.75,
      "completed_cases_ci95": 31.94027900168966,
      "completion_share": 0.5793576220023035,
      "completion_share_ci95": 0.026933883680963902,
      "time_to_first_offer_days": 0.1322966821929032,
      "time_to_first_offer_days_ci95": 0.05892905044556626,
      "first_offer_reach_share": 0.8998574411379375,
      "first_offer_reach_share_ci95": 0.016204172450757295,
      "time_to_decision_days": 0.4008745263734495,
      "time_to_decision_days_ci95": 0.22672872481060438,
      "decision_reach_share": 0.44537915108775433,
      "decision_reach_share_ci95": 0.01954404635678792,
      "case_handover_rate": 0.8088701450815492,
      "case_handover_rate_ci95": 0.0344093382357325,
      "activity_switch_rate": 0.7690580444781461,
      "activity_switch_rate_ci95": 0.026089731839228768,
      "rolling_workload_std": 0.07906361613189504,
      "rolling_workload_std_ci95": 0.0036149252932052367,
      "w_activity_switch_rate": 0.1368802514013236,
      "w_activity_switch_rate_ci95": 0.01968577019315299,
      "w_rolling_workload_std": 0.015083479501386167,
      "w_rolling_workload_std_ci95": 0.008504324304975153,
      "w_event_share": 0.1794624073107075,
      "w_event_share_ci95": 0.00993967210835703,
      "ao_event_share": 0.8205375926892925,
      "ao_event_share_ci95": 0.009939672108357004,
      "w_busy_share": 0.10704997946725495,
      "w_busy_share_ci95": 0.02831017537290384,
      "ao_busy_share": 0.8929500205327451,
      "ao_busy_share_ci95": 0.028310175372903874,
      "median_sessions_per_work_item": 1.0,
      "median_sessions_per_work_item_ci95": 0.0,
      "max_sessions_per_work_item": 6.0,
      "max_sessions_per_work_item_ci95": 1.299228263625111,
      "max_session_guard_reached": 0.0,
      "max_session_guard_reached_ci95": 0.0,
      "max_session_guard_forced_completions": 0.0,
      "max_session_guard_forced_completions_ci95": 0.0,
      "withdrawals": 15.75,
      "withdrawals_ci95": 4.751517739986459,
      "rare_shortened_work_items": 0.0,
      "rare_shortened_work_items_ci95": 0.0,
      "rare_personal_loan_work_items": 0.0,
      "rare_personal_loan_work_items_ci95": 0.0
    },
    {
      "policy": "piled",
      "n_replications": 4,
      "cycle_time_days": 0.6638303968844035,
      "cycle_time_days_ci95": 0.3416552107978575,
      "p95_cycle_days": 2.342828513929832,
      "p95_cycle_days_ci95": 0.8140869304886641,
      "occupation": 0.3533047592056368,
      "occupation_ci95": 0.041105164059313,
      "fairness": 0.2535271733857432,
      "fairness_ci95": 0.03266909393391101,
      "w_occupation": 0.03550645577353053,
      "w_occupation_ci95": 0.01094795674973395,
      "w_fairness": 0.03334628498411719,
      "w_fairness_ci95": 0.011807221617441669,
      "completed_cases": 357.25,
      "completed_cases_ci95": 29.694543405541484,
      "completion_share": 0.5754931973053201,
      "completion_share_ci95": 0.031879392479262095,
      "time_to_first_offer_days": 0.13174227391061274,
      "time_to_first_offer_days_ci95": 0.05643496217729066,
      "first_offer_reach_share": 0.9002561652208722,
      "first_offer_reach_share_ci95": 0.016874529135857436,
      "time_to_decision_days": 0.44442103207785333,
      "time_to_decision_days_ci95": 0.287557755694353,
      "decision_reach_share": 0.44345091441728135,
      "decision_reach_share_ci95": 0.02274408745483788,
      "case_handover_rate": 0.8075123663940089,
      "case_handover_rate_ci95": 0.02877853544316982,
      "activity_switch_rate": 0.7046333004939611,
      "activity_switch_rate_ci95": 0.05436993188220977,
      "rolling_workload_std": 0.07826167462692106,
      "rolling_workload_std_ci95": 0.004100970387670911,
      "w_activity_switch_rate": 0.13581614857011512,
      "w_activity_switch_rate_ci95": 0.01646160805109922,
      "w_rolling_workload_std": 0.014633122896674346,
      "w_rolling_workload_std_ci95": 0.00849277151659698,
      "w_event_share": 0.17838378141848102,
      "w_event_share_ci95": 0.009892864166253434,
      "ao_event_share": 0.8216162185815189,
      "ao_event_share_ci95": 0.009892864166253443,
      "w_busy_share": 0.10712247678707837,
      "w_busy_share_ci95": 0.02910196967060926,
      "ao_busy_share": 0.8928775232129216,
      "ao_busy_share_ci95": 0.029101969670609257,
      "median_sessions_per_work_item": 1.0,
      "median_sessions_per_work_item_ci95": 0.0,
      "max_sessions_per_work_item": 6.0,
      "max_sessions_per_work_item_ci95": 1.299228263625111,
      "max_session_guard_reached": 0.0,
      "max_session_guard_reached_ci95": 0.0,
      "max_session_guard_forced_completions": 0.0,
      "max_session_guard_forced_completions_ci95": 0.0,
      "withdrawals": 16.25,
      "withdrawals_ci95": 2.717530883796015,
      "rare_shortened_work_items": 0.0,
      "rare_shortened_work_items_ci95": 0.0,
      "rare_personal_loan_work_items": 0.0,
      "rare_personal_loan_work_items_ci95": 0.0
    },
    {
      "policy": "kbatch5",
      "n_replications": 4,
      "cycle_time_days": 1.0382960643079393,
      "cycle_time_days_ci95": 0.7159748025277597,
      "p95_cycle_days": 2.8944173731265908,
      "p95_cycle_days_ci95": 1.0070338488855297,
      "occupation": 0.3416112790974533,
      "occupation_ci95": 0.045031463839924665,
      "fairness": 0.25891390432665795,
      "fairness_ci95": 0.026287673702951722,
      "w_occupation": 0.032891760906188866,
      "w_occupation_ci95": 0.013813066944704782,
      "w_fairness": 0.03776621536963414,
      "w_fairness_ci95": 0.017723207723777216,
      "completed_cases": 332.0,
      "completed_cases_ci95": 27.46877052596343,
      "completion_share": 0.5355138908851067,
      "completion_share_ci95": 0.05724481916412433,
      "time_to_first_offer_days": 0.3825368032869437,
      "time_to_first_offer_days_ci95": 0.27785319352136706,
      "first_offer_reach_share": 0.8377761691013186,
      "first_offer_reach_share_ci95": 0.030678920726773678,
      "time_to_decision_days": 0.7958739038839986,
      "time_to_decision_days_ci95": 0.6636683827830295,
      "decision_reach_share": 0.4244921515516949,
      "decision_reach_share_ci95": 0.04250207549363174,
      "case_handover_rate": 0.8025093276246795,
      "case_handover_rate_ci95": 0.10881366868187946,
      "activity_switch_rate": 0.7095267622657301,
      "activity_switch_rate_ci95": 0.031164322435753122,
      "rolling_workload_std": 0.07588146760035547,
      "rolling_workload_std_ci95": 0.009768851218628997,
      "w_activity_switch_rate": 0.09327676016568395,
      "w_activity_switch_rate_ci95": 0.037806638777473284,
      "w_rolling_workload_std": 0.015582089175265011,
      "w_rolling_workload_std_ci95": 0.009962138505381083,
      "w_event_share": 0.17306170739913598,
      "w_event_share_ci95": 0.019240711750333362,
      "ao_event_share": 0.826938292600864,
      "ao_event_share_ci95": 0.019240711750333355,