{
  "horizon_days": 30,
  "role": "horizon robustness",
  "configuration": {
    "horizon_days": 30,
    "seeds": [
      1,
      2,
      3,
      4
    ],
    "scenario": "normal",
    "crn": true,
    "process_model": "advanced",
    "branching_mode": "visit",
    "permissions": "orgmodel",
    "lifecycle_mode": "active",
    "processing_time_mode": "distribution",
    "atomic_duration_scale": 1.0,
    "capacity": 1,
    "roster_seed": 42,
    "arrival_model": "mdn"
  },
  "policy_means": [
    {
      "policy": "random",
      "n_replications": 4,
      "cycle_time_days": 1.1504205359122606,
      "cycle_time_days_ci95": 0.20535137749105992,
      "p95_cycle_days": 4.146258274943867,
      "p95_cycle_days_ci95": 0.8192595109694215,
      "occupation": 0.36507158090592945,
      "occupation_ci95": 0.024508851402797578,
      "fairness": 0.26806885171120876,
      "fairness_ci95": 0.01344242737761716,
      "w_occupation": 0.04010980475103176,
      "w_occupation_ci95": 0.006287156926816461,
      "w_fairness": 0.037368229898829916,
      "w_fairness_ci95": 0.00540874811630159,
      "completed_cases": 1427.0,
      "completed_cases_ci95": 104.59392735228963,
      "completion_share": 0.6901896244796083,
      "completion_share_ci95": 0.022132271692841037,
      "time_to_first_offer_days": 0.14905317162783494,
      "time_to_first_offer_days_ci95": 0.010178905429230266,
      "first_offer_reach_share": 0.9727086809402821,
      "first_offer_reach_share_ci95": 0.0025346593883003535,
      "time_to_decision_days": 0.5676028736265567,
      "time_to_decision_days_ci95": 0.1286867553292715,
      "decision_reach_share": 0.5103455834114408,
      "decision_reach_share_ci95": 0.012722927489963478,
      "case_handover_rate": 0.8146433723529092,
      "case_handover_rate_ci95": 0.012057044315401153,
      "activity_switch_rate": 0.7386940000623923,
      "activity_switch_rate_ci95": 0.015098208436744044,
      "rolling_workload_std": 0.10079071741182921,
      "rolling_workload_std_ci95": 0.00507895968655997,
      "w_activity_switch_rate": 0.131483883769767,
      "w_activity_switch_rate_ci95": 0.010489622242855847,
      "w_rolling_workload_std": 0.023336985748487672,
      "w_rolling_workload_std_ci95": 0.007419382365006196,
      "w_event_share": 0.18797646214293878,
      "w_event_share_ci95": 0.0024645398014062894,
      "ao_event_share": 0.8120235378570613,
      "ao_event_share_ci95": 0.0024645398014063176,
      "w_busy_share": 0.11924994547778801,
      "w_busy_share_ci95": 0.011871354366073495,
      "ao_busy_share": 0.880750054522212,
      "ao_busy_share_ci95": 0.011871354366073483,
      "median_sessions_per_work_item": 1.0,
      "median_sessions_per_work_item_ci95": 0.0,
      "max_sessions_per_work_item": 10.25,
      "max_sessions_per_work_item_ci95": 2.717530883796015,
      "max_session_guard_reached": 0.0,
      "max_session_guard_reached_ci95": 0.0,
      "max_session_guard_forced_completions": 0.0,
      "max_session_guard_forced_completions_ci95": 0.0,
      "withdrawals": 53.25,
      "withdrawals_ci95": 24.319352913496445,
      "rare_shortened_work_items": 0.0,
      "rare_shortened_work_items_ci95": 0.0,
      "rare_personal_loan_work_items": 0.0,
      "rare_personal_loan_work_items_ci95": 0.0
    },
    {
      "policy": "piled",
      "n_replications": 4,
      "cycle_time_days": 1.2192106641881693,
      "cycle_time_days_ci95": 0.2567038433245252,
      "p95_cycle_days": 4.258164145249555,
      "p95_cycle_days_ci95": 0.8397908375512477,
      "occupation": 0.36327240031441144,
      "occupation_ci95": 0.025261169533206715,
      "fairness": 0.2689534718168094,
      "fairness_ci95": 0.008525272260573114,
      "w_occupation": 0.0405761112449637,
      "w_occupation_ci95": 0.00702488851018932,
      "w_fairness": 0.038352647331481075,
      "w_fairness_ci95": 0.006719072970924682,
      "completed_cases": 1420.25,
      "completed_cases_ci95": 106.83239667552657,
      "completion_share": 0.6869424573935025,
      "completion_share_ci95": 0.026444064298383918,
      "time_to_first_offer_days": 0.14874598733510286,
      "time_to_first_offer_days_ci95": 0.009234515279507012,
      "first_offer_reach_share": 0.9720989963779507,
      "first_offer_reach_share_ci95": 0.0018270131368196224,
      "time_to_decision_days": 0.6379629212101431,
      "time_to_decision_days_ci95": 0.16540062450770052,
      "decision_reach_share": 0.5084057300160343,
      "decision_reach_share_ci95": 0.013398741061765767,
      "case_handover_rate": 0.8187262349984108,
      "case_handover_rate_ci95": 0.010958512100120962,
      "activity_switch_rate": 0.6533241088085993,
      "activity_switch_rate_ci95": 0.02764391866238083,
      "rolling_workload_std": 0.09988268924329234,
      "rolling_workload_std_ci95": 0.00583419898053151,
      "w_activity_switch_rate": 0.12532763216221252,
      "w_activity_switch_rate_ci95": 0.012614139243921995,
      "w_rolling_workload_std": 0.02313815731126353,
      "w_rolling_workload_std_ci95": 0.007375884683651523,
      "w_event_share": 0.18765527989416206,
      "w_event_share_ci95": 0.00203455253093298,
      "ao_event_share": 0.812344720105838,
      "ao_event_share_ci95": 0.0020345525309329927,
      "w_busy_share": 0.12132168675240963,
      "w_busy_share_ci95": 0.010858392449253379,
      "ao_busy_share": 0.8786783132475903,
      "ao_busy_share_ci95": 0.010858392449253403,
      "median_sessions_per_work_item": 1.0,
      "median_sessions_per_work_item_ci95": 0.0,
      "max_sessions_per_work_item": 10.25,
      "max_sessions_per_work_item_ci95": 2.717530883796015,
      "max_session_guard_reached": 0.0,
      "max_session_guard_reached_ci95": 0.0,
      "max_session_guard_forced_completions": 0.0,
      "max_session_guard_forced_completions_ci95": 0.0,
      "withdrawals": 52.5,
      "withdrawals_ci95": 19.336253229155176,
      "rare_shortened_work_items": 0.0,
      "rare_shortened_work_items_ci95": 0.0,
      "rare_personal_loan_work_items": 0.0,
      "rare_personal_loan_work_items_ci95": 0.0
    },
    {
      "policy": "kbatch5",
      "n_replications": 4,
      "cycle_time_days": 3.0071689545548654,
      "cycle_time_days_ci95": 0.17570952011448474,
      "p95_cycle_days": 8.247449331908413,
      "p95_cycle_days_ci95": 0.7910370003170877,
      "occupation": 0.3391124092844653,
      "occupation_ci95": 0.02153813652515294,
      "fairness": 0.24564801932295727,
      "fairness_ci95": 0.009656817020036663,
      "w_occupation": 0.03560218104871262,
      "w_occupation_ci95": 0.00671079924830903,
      "w_fairness": 0.03849062691141708,
      "w_fairness_ci95": 0.006539097873312228,
      "completed_cases": 1231.5,
      "completed_cases_ci95": 63.60249849748091,
      "completion_share": 0.5962231397927876,
      "completion_share_ci95": 0.04189787433902556,
      "time_to_first_offer_days": 0.9187798179743857,
      "time_to_first_offer_days_ci95": 0.08164105230064801,
      "first_offer_reach_share": 0.9375915142363203,
      "first_offer_reach_share_ci95": 0.030220587230296688,
      "time_to_decision_days": 2.2043738453143584,
      "time_to_decision_days_ci95": 0.12123043702059196,
      "decision_reach_share": 0.45698466304737284,
      "decision_reach_share_ci95": 0.03350559736999343,
      "case_handover_rate": 0.8741427132204751,
      "case_handover_rate_ci95": 0.029682517137852547,
      "activity_switch_rate": 0.6775217426533199,
      "activity_switch_rate_ci95": 0.008794313760781085,
      "rolling_workload_std": 0.09083619813288947,
      "rolling_workload_std_ci95": 0.0053673643544467345,
      "w_activity_switch_rate": 0.08702877477420165,
      "w_activity_switch_rate_ci95": 0.011223857208467108,
      "w_rolling_workload_std": 0.02231146849959436,
      "w_rolling_workload_std_ci95": 0.006222858553316752,
      "w_event_share": 0.17516537833178747,
      "w_event_share_ci95": 0.002373024524453578,
      "ao_event_share": 0.8248346216682125,