,Cycle time,Completed by day 30,Time to decision
remove_low,0.0,0.0,0.0
remove_high,0.11489612615966927,-0.10341261633919352,0.003531821334945562
