policy_vs_random,n_pairs,delta_cycle_time_days,delta_cycle_time_days_ci95,delta_completed_cases,delta_completed_cases_ci95,delta_activity_switch_rate,delta_activity_switch_rate_ci95,delta_time_to_decision_days,delta_time_to_decision_days_ci95
piled,4,0.019886364088775255,0.05138678375555846,5.5,16.04428550459178,-0.1351646516563894,0.015767404236221427,0.015927016085749868,0.03818234113204635
kbatch5,4,3.785390015730365,0.4830566258491884,-274.5,51.4714164379915,-0.02919182279948143,0.014184728558098152,3.8058493436071745,0.45564469999330726
