staffing_scenario,n_replications,cycle_time_days,cycle_time_days_ci95,p95_cycle_days,p95_cycle_days_ci95,occupation,occupation_ci95,fairness,fairness_ci95,completed_cases,completed_cases_ci95,completion_share,completion_share_ci95,time_to_first_offer_days,time_to_first_offer_days_ci95,first_offer_reach_share,first_offer_reach_share_ci95,time_to_decision_days,time_to_decision_days_ci95,decision_reach_share,decision_reach_share_ci95,case_handover_rate,case_handover_rate_ci95,activity_switch_rate,activity_switch_rate_ci95,rolling_workload_std,rolling_workload_std_ci95
baseline,4,1.5933915651237383,0.10285644917557725,6.355562646698202,0.7600190296534132,0.41296214029314005,0.026449060152135218,0.29406875879726835,0.021611578939606017,1353.25,79.28885770039203,0.6548295818128594,0.03113948055530009,0.15286677600600515,0.013231449282561862,0.972528211465723,0.0032289908316680263,0.7707661126291819,0.16477830455849557,0.5056102438809588,0.011553509324766618,0.806707313454644,0.00929473299475124,0.7096180527409184,0.00804054349827878,0.11248272826318248,0.0066884362987848864
remove_low,4,1.5933915651237383,0.10285644917557725,6.355562646698202,0.7600190296534132,0.414603758340392,0.028533680817587333,0.29400738126091674,0.021907866897442483,1353.25,79.28885770039203,0.6548295818128594,0.03113948055530009,0.15286677600600515,0.013231449282561862,0.972528211465723,0.0032289908316680263,0.7707661126291819,0.16477830455849557,0.5056102438809588,0.011553509324766618,0.806707313454644,0.00929473299475124,0.7096180527409184,0.00804054349827878,0.11312491834792673,0.006720012810806878
remove_high,4,1.7120704270078262,0.10454519585529652,6.632205718493477,0.5982989526355746,0.42368823335890726,0.025848663788725735,0.3102044643589597,0.026661228064764793,1345.75,80.14643146138326,0.6512383265631825,0.03428773534626966,0.1534373223357941,0.01452156706788191,0.972528211465723,0.0032289908316680263,0.8267890733630546,0.18212205498707354,0.5050085911703116,0.012159953976541684,0.8078166129922922,0.007155747649369193,0.706974654368008,0.00905714123363185,0.1161835310849241,0.006534934464654421
