,Cycle time,Completed cases,Time to decision
remove_low,0.0,0.0,0.0
remove_high,-0.9081994162006279,-0.7212776919113817,0.25730699610333474
