,Cycle time,Completed cases,Time to decision
remove_low,0.0,0.0,0.0
remove_high,7.448191924806102,-0.5542213190467438,7.268477403965146
