staffing_scenario_vs_baseline,n_pairs,delta_cycle_time_days,delta_cycle_time_days_ci95,delta_completed_cases,delta_completed_cases_ci95,delta_occupation,delta_occupation_ci95,delta_fairness,delta_fairness_ci95,delta_time_to_decision_days,delta_time_to_decision_days_ci95,delta_decision_reach_share,delta_decision_reach_share_ci95
remove_low,4,0.0,0.0,0.0,0.0,0.0016416180472519082,0.0030196752698516192,-6.137753635154786e-05,0.00038163127263505343,0.0,0.0,0.0,0.0
remove_high,4,0.118678861884088,0.05060507123616514,-7.5,11.363606258432116,0.01072609306576719,0.0016761622423815009,0.01613570556169136,0.006946872001990811,0.056022960733872695,0.02812518469474715,-0.0006016527106472436,0.0011592914288984567
