staffing_scenario,n_replications,cycle_time_days,cycle_time_days_ci95,p95_cycle_days,p95_cycle_days_ci95,occupation,occupation_ci95,fairness,fairness_ci95,completed_cases,completed_cases_ci95,completion_share,completion_share_ci95,time_to_first_offer_days,time_to_first_offer_days_ci95,first_offer_reach_share,first_offer_reach_share_ci95,time_to_decision_days,time_to_decision_days_ci95,decision_reach_share,decision_reach_share_ci95,case_handover_rate,case_handover_rate_ci95,activity_switch_rate,activity_switch_rate_ci95,rolling_workload_std,rolling_workload_std_ci95
baseline,4,1.6998539086951734,0.14277761439029055,6.257862739846788,0.746512308528008,0.4605175321730781,0.018442821072514142,0.31202828321907444,0.02315817321935424,970.5,57.1881852478464,0.4695718741241003,0.01905816275822119,0.16832458106225598,0.030286678422577925,0.970040048232517,0.006158445312158503,1.6748362575916493,0.11894201478174969,0.4677866760299903,0.019980271710955892,0.8108472291878763,0.011169590049839376,0.6746309043484741,0.01921094692612587,0.12337156151123135,0.006572029729775009
remove_low,4,1.6998539086951734,0.14277761439029055,6.257862739846788,0.746512308528008,0.46230579119669246,0.018546945181563638,0.3118977601105813,0.02346573411030445,970.5,57.1881852478464,0.4695718741241003,0.01905816275822119,0.16832458106225598,0.030286678422577925,0.970040048232517,0.006158445312158503,1.6748362575916493,0.11894201478174969,0.4677866760299903,0.019980271710955892,0.8108472291878763,0.011169590049839376,0.6746309043484741,0.01921094692612587,0.12406646119987995,0.0066043015920152276
remove_high,4,1.6844158454201403,0.11645694153910817,6.0901485169212926,0.7825518960690476,0.4620147812524659,0.022491325961488305,0.3200669947426907,0.024891426576600494,963.5,63.72181543122482,0.4661745677907837,0.0226188322670143,0.16810009753437802,0.031014763152208885,0.970498928266338,0.005152295689774542,1.6791457284557079,0.11134378792458582,0.46486816420664906,0.023325931557011428,0.8094409710989365,0.012583577989230117,0.674687363120919,0.015532392159358284,0.12627866338546778,0.005287634135435636
