policy_vs_random,n_pairs,delta_cycle_time_days,delta_cycle_time_days_ci95,delta_completed_cases,delta_completed_cases_ci95,delta_activity_switch_rate,delta_activity_switch_rate_ci95,delta_time_to_decision_days,delta_time_to_decision_days_ci95
piled,4,0.0923822261380329,0.0422558321878479,-2.25,3.2803905661353485,-0.10213846716748332,0.027251316192470166,0.09204580040139844,0.04212879045211343
kbatch5,4,0.7921096636545464,0.07527277663509127,-53.25,24.90234578324354,-0.046821288778657266,0.00396578675019723,0.7936985910475374,0.07011236860728687
