policy,n_replications,cycle_time_days,cycle_time_days_ci95,p95_cycle_days,p95_cycle_days_ci95,occupation,occupation_ci95,fairness,fairness_ci95,completed_cases,completed_cases_ci95,completion_share,completion_share_ci95,time_to_first_offer_days,time_to_first_offer_days_ci95,first_offer_reach_share,first_offer_reach_share_ci95,time_to_decision_days,time_to_decision_days_ci95,decision_reach_share,decision_reach_share_ci95,case_handover_rate,case_handover_rate_ci95,activity_switch_rate,activity_switch_rate_ci95,rolling_workload_std,rolling_workload_std_ci95
random,4,0.578786552260173,0.2526517223315133,1.7360417371935761,0.6372133264047272,0.45862207674968436,0.0488043376001284,0.2996057472866811,0.03660714214184272,260.25,19.547881217331465,0.4195513632981591,0.0347839633535726,0.13314725449101011,0.057178480734920586,0.8983933122945993,0.01384523571697202,0.5700870957071221,0.24977285456744525,0.41758248339954873,0.03465155695806308,0.7880627409702271,0.03211307542119651,0.7152399301775287,0.0065316323305219,0.10190467266149256,0.009133083845970547
piled,4,0.6711687783982059,0.2688892638611923,2.161370101312789,0.8498639811811061,0.4539786068755537,0.054329370848889204,0.3019459263050651,0.03760008505391398,258.0,18.602117798935573,0.41591858100000634,0.032966055774935304,0.13336113446539183,0.05557327503637443,0.8976285560008301,0.012524885351294174,0.6621328961085206,0.26616409796034973,0.41394970110139595,0.03284929852363255,0.7901548775448952,0.033432171757127316,0.6131014630100454,0.02558064150861377,0.10179755042240571,0.008678906354414031
kbatch5,4,1.370896215914719,0.30305409445406384,2.7620191776458336,0.18420816670498935,0.3428348238212223,0.05627908857132217,0.26081692468158196,0.025160436020933267,207.0,35.103214655237686,0.33419166868743966,0.06850183511558727,0.6386345090574671,0.13011537591917433,0.7770275923653218,0.11255910151553142,1.3637856867546594,0.2967864631476251,0.3326215128717639,0.06777099641849606,0.8624704162528298,0.01243804161991123,0.6684186413988715,0.004197335045895633,0.07813039264861527,0.01264214874958034
