policy_vs_random,n_pairs,delta_cycle_time_days,delta_cycle_time_days_ci95,delta_completed_cases,delta_completed_cases_ci95,delta_activity_switch_rate,delta_activity_switch_rate_ci95,delta_time_to_decision_days,delta_time_to_decision_days_ci95
piled,4,0.006244822273878015,0.009522517921794621,0.0,0.0,-0.007621657908729984,0.011201695801193503,0.0006873503195405917,0.0022831272623813547
kbatch5,4,0.21893842030798005,0.08913611256595046,0.0,0.0,-0.036561556639617326,0.01010096886876043,0.11404793225627774,0.11891221036053684
