policy_vs_random,n_pairs,delta_cycle_time_days,delta_cycle_time_days_ci95,delta_completed_cases,delta_completed_cases_ci95,delta_activity_switch_rate,delta_activity_switch_rate_ci95,delta_time_to_decision_days,delta_time_to_decision_days_ci95
piled,4,0.03956273968900083,0.0681714457550545,-2.5,3.787868752810705,-0.0644247439841849,0.03018860401183873,0.0435465057044038,0.06238417053744337
kbatch5,4,0.41402840711253686,0.4417213885518892,-27.75,22.99945967048144,-0.05953128221241605,0.024513039778502957,0.39499937751054914,0.43798404413046826
