policy,n_replications,cycle_time_days,cycle_time_days_ci95,p95_cycle_days,p95_cycle_days_ci95,occupation,occupation_ci95,fairness,fairness_ci95,completed_cases,completed_cases_ci95,completion_share,completion_share_ci95,time_to_first_offer_days,time_to_first_offer_days_ci95,first_offer_reach_share,first_offer_reach_share_ci95,time_to_decision_days,time_to_decision_days_ci95,decision_reach_share,decision_reach_share_ci95,case_handover_rate,case_handover_rate_ci95,activity_switch_rate,activity_switch_rate_ci95,rolling_workload_std,rolling_workload_std_ci95
random,4,0.7319347203638036,0.15984754794294326,4.9159921855243045,0.5927612956956134,0.5206917064324387,0.12208811781032808,0.6306741698860581,0.14738241482974088,452.5,75.23754482066305,0.5293914600404099,0.04336726768466231,0.15186987488546963,0.026228376470888267,0.9634674535585817,0.023660678282581043,0.2897274907776727,0.033969741173917295,0.4785622169741448,0.026500691008746125,0.8433677790131963,0.007342782183735709,0.5960597181534264,0.040112426558541164,0.28083911190604965,0.04999005280830765
piled,4,0.732552444342895,0.1413415371244676,4.890116274141927,0.5855669246064064,0.5188266829417527,0.119286220409424,0.6294796787128956,0.1454255511430324,453.75,75.22492377729706,0.5309065211955735,0.04475734221083063,0.1526666236664303,0.026041694352723736,0.9634939646868431,0.02402116535439564,0.29452006997841684,0.029059528984134518,0.4803562952936746,0.028042462061632398,0.8402717338386314,0.008313915516046917,0.5552799887741469,0.032545181133841986,0.28092643339642176,0.047242896391399815
kbatch5,4,0.8070811982643953,0.09146903298164254,5.182472613688802,0.4459327649635366,0.48962822045792054,0.1244173023623209,0.643001545307839,0.13385397117821637,383.25,81.82430887600322,0.4468104763816607,0.02441192236013229,0.29560698458352724,0.019909165773561867,0.8372364765252198,0.04350059644467192,0.39607513985410053,0.024729904472795116,0.4104479738466076,0.019603233933230244,0.7546694011527735,0.016135899538168325,0.48932752109290056,0.02496751978974287,0.2722154813000205,0.03577326244793467
