policy_vs_random,n_pairs,delta_cycle_time_days,delta_cycle_time_days_ci95,delta_completed_cases,delta_completed_cases_ci95,delta_activity_switch_rate,delta_activity_switch_rate_ci95,delta_time_to_decision_days,delta_time_to_decision_days_ci95
piled,4,0.0006177239790914335,0.01990013934534937,1.25,4.570440542486437,-0.040779729379279595,0.008764457453576308,0.004792579200744135,0.006091706738686746
kbatch5,4,0.07514647790059165,0.07323214978642863,-69.25,12.688279452928057,-0.10673219706052578,0.019003119903913967,0.10634764907642778,0.018661444713661768
