staffing_scenario_vs_baseline,n_pairs,delta_cycle_time_days,delta_cycle_time_days_ci95,delta_completed_cases,delta_completed_cases_ci95,delta_occupation,delta_occupation_ci95,delta_fairness,delta_fairness_ci95,delta_time_to_decision_days,delta_time_to_decision_days_ci95,delta_decision_reach_share,delta_decision_reach_share_ci95
remove_low,4,0.0,0.0,0.0,0.0,0.0032781377736969264,0.0035507626235135713,-0.00015220441276400654,0.0003390426040836935,0.0,0.0,0.0,0.0
remove_high,4,0.06368644708458501,0.09671088719925426,-9.5,7.175222607736346,0.002700582670227464,0.006680606399107385,0.003550823634033473,0.0036653826438760046,0.054591644716803264,0.037611761086422134,-0.0032147129186602813,0.007178522195346639
