staffing_scenario,n_replications,cycle_time_days,cycle_time_days_ci95,p95_cycle_days,p95_cycle_days_ci95,occupation,occupation_ci95,fairness,fairness_ci95,completed_cases,completed_cases_ci95,completion_share,completion_share_ci95,time_to_first_offer_days,time_to_first_offer_days_ci95,first_offer_reach_share,first_offer_reach_share_ci95,time_to_decision_days,time_to_decision_days_ci95,decision_reach_share,decision_reach_share_ci95,case_handover_rate,case_handover_rate_ci95,activity_switch_rate,activity_switch_rate_ci95,rolling_workload_std,rolling_workload_std_ci95
baseline,4,0.7319347203638036,0.15984754794294326,4.9159921855243045,0.5927612956956134,0.5206917064324387,0.12208811781032808,0.6306741698860581,0.14738241482974088,452.5,75.23754482066305,0.5293914600404099,0.04336726768466231,0.15186987488546963,0.026228376470888267,0.9634674535585817,0.023660678282581043,0.2897274907776727,0.033969741173917295,0.4785622169741448,0.026500691008746125,0.8433677790131963,0.007342782183735709,0.5960597181534264,0.040112426558541164,0.28083911190604965,0.04999005280830765
remove_low,4,0.7226925962241989,0.14551945787020157,4.8883431676786735,0.566119972437977,0.5295957491911679,0.12447482841060367,0.6373605376993109,0.14764497832942536,452.0,71.44574235705734,0.5289845403679184,0.0424978648712626,0.15184840779098513,0.02645577677296821,0.9634674535585817,0.023660678282581043,0.2887998325839888,0.0320553554689183,0.47904601904327304,0.027472302408182457,0.8433805826476576,0.008712032492009076,0.5948469814821395,0.044859163038094056,0.28325414952582295,0.049583630317345244
remove_high,4,0.7322817186793328,0.12802027082048367,5.098606195541087,0.6280968172187099,0.5254568369508702,0.12343925033437993,0.645050005029928,0.15089095922409276,439.75,80.80714141149501,0.5137743284227714,0.03312123536492882,0.15399386097750115,0.02860546967750669,0.9612526065387466,0.026891540642572705,0.29945908113721126,0.03661588341654836,0.4676303004615492,0.022310028052229338,0.8411109554335556,0.004678763155158199,0.5923018544317875,0.0400524311954612,0.2748204687835924,0.04803899874928788
