staffing_scenario_vs_baseline,n_pairs,delta_cycle_time_days,delta_cycle_time_days_ci95,delta_completed_cases,delta_completed_cases_ci95,delta_occupation,delta_occupation_ci95,delta_fairness,delta_fairness_ci95,delta_time_to_decision_days,delta_time_to_decision_days_ci95,delta_decision_reach_share,delta_decision_reach_share_ci95
remove_low,4,-0.009242124139604763,0.016689160823581406,-0.5,5.43506176759203,0.008904042758729372,0.0038937629944078792,0.006686367813252908,0.004216890520303577,-0.000927658193683914,0.002750828117076661,0.0004838020691282363,0.004353143381465926
remove_high,4,0.00034699831552906235,0.03449927633589093,-12.75,6.672394164498692,0.004765130518431582,0.0018366362403720818,0.014375835143870058,0.0036545922620287914,0.009731590359538536,0.010078419410130827,-0.01093191651259566,0.007311035803862647
