,Cycle time,Completed cases,Time to decision
remove_low,-1.2626978721559934,-0.11049723756906271,-0.32018300755441986
remove_high,0.047408369336099376,-2.8176795580110547,3.358877106696889
