,Cycle time,Completed cases,Time to decision
remove_low,0.0,0.0,0.0
remove_high,7.733677503894354,-2.7338129496402908,11.452870124395996
