,Cycle time,Completed cases,Time to decision
remove_low,0.0,0.0,0.0
remove_high,7.197423115126234,-0.2881844380403509,7.335725361991541
