staffing_scenario,n_replications,cycle_time_days,cycle_time_days_ci95,p95_cycle_days,p95_cycle_days_ci95,occupation,occupation_ci95,fairness,fairness_ci95,completed_cases,completed_cases_ci95,completion_share,completion_share_ci95,time_to_first_offer_days,time_to_first_offer_days_ci95,first_offer_reach_share,first_offer_reach_share_ci95,time_to_decision_days,time_to_decision_days_ci95,decision_reach_share,decision_reach_share_ci95,case_handover_rate,case_handover_rate_ci95,activity_switch_rate,activity_switch_rate_ci95,rolling_workload_std,rolling_workload_std_ci95
baseline,4,0.578786552260173,0.2526517223315133,1.7360417371935761,0.6372133264047272,0.45862207674968436,0.0488043376001284,0.2996057472866811,0.03660714214184272,260.25,19.547881217331465,0.4195513632981591,0.0347839633535726,0.13314725449101011,0.057178480734920586,0.8983933122945993,0.01384523571697202,0.5700870957071221,0.24977285456744525,0.41758248339954873,0.03465155695806308,0.7880627409702271,0.03211307542119651,0.7152399301775287,0.0065316323305219,0.10190467266149256,0.009133083845970547
remove_low,4,0.578786552260173,0.2526517223315133,1.7360417371935761,0.6372133264047272,0.46219886402137494,0.04917826444714619,0.29891734502835854,0.036415231427124696,260.25,19.547881217331465,0.4195513632981591,0.0347839633535726,0.13314725449101011,0.057178480734920586,0.8983933122945993,0.01384523571697202,0.5700870957071221,0.24977285456744525,0.41758248339954873,0.03465155695806308,0.7880627409702271,0.03211307542119651,0.7152399301775287,0.0065316323305219,0.10249265533869562,0.009167725794867649
remove_high,4,0.6204442693597888,0.21515952085466597,1.923468845927949,0.580551088419277,0.45970230789409827,0.05320712461084681,0.3058298418220535,0.040046600179848575,259.5,16.964757316592998,0.4183078423913724,0.02908000731359145,0.13478815366281552,0.058779180530639755,0.8979945882116647,0.01299209902665707,0.6119071193723504,0.2107380549363836,0.41633896249276203,0.029391126076918114,0.7953972038816963,0.029865156591154046,0.7151090945658736,0.006972376815048922,0.10372492588237062,0.0023080103484246326
